1_Bit,2_TinyInt,3_SmallInt,4_Int,5_Bigint,6_Decimal,7_Float
False,1,23382,1532427136,6581724435923542016,.50000000000000000000000000000000000000,0.5
True,2,23382,1532467150,6581896294749607936,.33333333333333333333333300000000000000,0.33333333333333331
,3,23383,1532507164,6582068153575674880,.25000000000000000000000000000000000000,0.25
False,4,23384,1532547178,6582240012401740800,.20000000000000000000000000000000000000,0.20000000000000001
True,5,23384,1532587192,6582411871227807744,.16666666666666666666666600000000000000,0.16666666666666666
,6,23385,1532627206,6582583730053873664,.14285714285714285714285700000000000000,0.14285714285714285
False,7,23385,1532667220,6582755588879940608,.12500000000000000000000000000000000000,0.125
True,8,23386,1532707234,6582927447706006528,.11111111111111111111111100000000000000,0.1111111111111111
,9,23387,1532747248,6583099306532073472,.10000000000000000000000000000000000000,0.10000000000000001
False,10,23387,1532787262,6583271165358139392,,
True,11,23388,1532827276,6583443024184206336,.08333333333333333333333300000000000000,8.3333333333333329E-2
,12,23388,1532867290,6583614883010272256,.07692307692307692307692300000000000000,7.6923076923076927E-2
False,13,23389,1532907304,6583786741836339200,.07142857142857142857142800000000000000,7.1428571428571425E-2
True,14,23390,1532947318,6583958600662405120,.06666666666666666666666600000000000000,6.6666666666666666E-2
,15,23390,1532987332,6584130459488471040,.06250000000000000000000000000000000000,0.0625
False,16,23391,1533027346,6584302318314537984,.05882352941176470588235200000000000000,5.8823529411764705E-2
True,17,23392,1533067360,6584474177140603904,.05555555555555555555555500000000000000,5.5555555555555552E-2
,18,23392,1533107374,6584646035966670848,.05263157894736842105263100000000000000,5.2631578947368418E-2
False,19,23393,1533147388,6584817894792736768,.05000000000000000000000000000000000000,5.0000000000000003E-2
True,20,23393,1533187402,6584989753618803712,,
,21,23394,1533227416,6585161612444869632,.04545454545454545454545400000000000000,0.5
False,22,23395,1533267430,6585333471270936576,.04347826086956521739130400000000000000,0.33333333333333331
True,23,23395,1533307444,6585505330097002496,.04166666666666666666666600000000000000,0.25
,24,23396,1533347458,6585677188923069440,.04000000000000000000000000000000000000,0.20000000000000001
False,25,23396,1533387472,6585849047749135360,.03846153846153846153846100000000000000,0.16666666666666666
True,26,23397,1533427486,6586020906575202304,.03703703703703703703703700000000000000,0.14285714285714285
,27,23398,1533467500,6586192765401268224,.03571428571428571428571400000000000000,0.125
False,28,23398,1533507514,6586364624227335168,.03448275862068965517241300000000000000,0.1111111111111111
True,29,23399,1533547528,6586536483053401088,.03333333333333333333333300000000000000,0.10000000000000001
,30,23399,1533587542,6586708341879468032,,
False,31,23400,1533627556,6586880200705533952,.50000000000000000000000000000000000000,8.3333333333333329E-2
True,32,23401,1533667570,6587052059531599872,.33333333333333333333333300000000000000,7.6923076923076927E-2
,33,23401,1533707584,6587223918357666816,.25000000000000000000000000000000000000,7.1428571428571425E-2
False,34,23402,1533747598,6587395777183732736,.20000000000000000000000000000000000000,6.6666666666666666E-2
True,35,23403,1533787612,6587567636009799680,.16666666666666666666666600000000000000,0.0625
,36,23403,1533827626,6587739494835865600,.14285714285714285714285700000000000000,5.8823529411764705E-2
False,37,23404,1533867640,6587911353661932544,.12500000000000000000000000000000000000,5.5555555555555552E-2
True,38,23404,1533907654,6588083212487998464,.11111111111111111111111100000000000000,5.2631578947368418E-2
,39,23405,1533947668,6588255071314065408,.10000000000000000000000000000000000000,5.0000000000000003E-2
False,40,23406,1533987682,6588426930140131328,,
True,41,23406,1534027696,6588598788966198272,.08333333333333333333333300000000000000,0.5
,42,23407,1534067710,6588770647792264192,.07692307692307692307692300000000000000,0.33333333333333331
False,43,23407,1534107724,6588942506618331136,.07142857142857142857142800000000000000,0.25
True,44,23408,1534147738,6589114365444397056,.06666666666666666666666600000000000000,0.20000000000000001
,45,23409,1534187752,6589286224270464000,.06250000000000000000000000000000000000,0.16666666666666666
False,46,23409,1534227766,6589458083096529920,.05882352941176470588235200000000000000,0.14285714285714285
True,47,23410,1534267780,6589629941922595840,.05555555555555555555555500000000000000,0.125
,48,23410,1534307794,6589801800748662784,.05263157894736842105263100000000000000,0.1111111111111111
False,49,23411,1534347808,6589973659574728704,.05000000000000000000000000000000000000,0.10000000000000001
True,50,23412,-1534387822,-6590145518400795648,,
,51,23412,1534427836,6590317377226861568,.04545454545454545454545400000000000000,8.3333333333333329E-2
False,52,23413,1534467850,6590489236052928512,.04347826086956521739130400000000000000,7.6923076923076927E-2
True,53,23414,1534507864,6590661094878994432,.04166666666666666666666600000000000000,7.1428571428571425E-2
,54,23414,1534547878,6590832953705061376,.04000000000000000000000000000000000000,6.6666666666666666E-2
False,55,23415,1534587892,6591004812531127296,.03846153846153846153846100000000000000,0.0625
True,56,23415,1534627906,6591176671357194240,.03703703703703703703703700000000000000,5.8823529411764705E-2
,57,23416,1534667920,6591348530183260160,.03571428571428571428571400000000000000,5.5555555555555552E-2
False,58,23417,1534707934,6591520389009327104,.03448275862068965517241300000000000000,5.2631578947368418E-2
True,59,23417,1534747948,6591692247835393024,.03333333333333333333333300000000000000,5.0000000000000003E-2
,60,23418,1534787962,6591864106661459968,,
False,61,23418,1534827976,6592035965487525888,.50000000000000000000000000000000000000,0.5
True,62,23419,1534867990,6592207824313592832,.33333333333333333333333300000000000000,0.33333333333333331
,63,23420,1534908004,6592379683139658752,.25000000000000000000000000000000000000,0.25
False,64,23420,1534948018,6592551541965724672,.20000000000000000000000000000000000000,0.20000000000000001
True,65,23421,1534988032,6592723400791791616,.16666666666666666666666600000000000000,0.16666666666666666
,66,23421,1535028046,6592895259617857536,.14285714285714285714285700000000000000,0.14285714285714285
False,67,23422,1535068060,6593067118443924480,.12500000000000000000000000000000000000,0.125
True,68,23423,1535108074,6593238977269990400,.11111111111111111111111100000000000000,0.1111111111111111
,69,23423,1535148088,6593410836096057344,.10000000000000000000000000000000000000,0.10000000000000001
False,70,23424,1535188102,6593582694922123264,,
True,71,23425,1535228116,6593754553748190208,.08333333333333333333333300000000000000,8.3333333333333329E-2
,72,23425,1535268130,6593926412574256128,.07692307692307692307692300000000000000,7.6923076923076927E-2
False,73,23426,1535308144,6594098271400323072,.07142857142857142857142800000000000000,7.1428571428571425E-2
True,74,23426,1535348158,6594270130226388992,.06666666666666666666666600000000000000,6.6666666666666666E-2
,75,23427,1535388172,6594441989052455936,.06250000000000000000000000000000000000,0.0625
False,76,23428,1535428186,6594613847878521856,.05882352941176470588235200000000000000,5.8823529411764705E-2
True,77,23428,1535468200,6594785706704588800,.05555555555555555555555500000000000000,5.5555555555555552E-2
,78,23429,1535508214,6594957565530654720,.05263157894736842105263100000000000000,5.2631578947368418E-2
False,79,23429,1535548228,6595129424356721664,.05000000000000000000000000000000000000,5.0000000000000003E-2
True,80,23430,1535588242,6595301283182787584,,
,81,23431,1535628256,6595473142008853504,.04545454545454545454545400000000000000,0.5
False,82,23431,1535668270,6595645000834920448,.04347826086956521739130400000000000000,0.33333333333333331
True,83,23432,1535708284,6595816859660986368,.04166666666666666666666600000000000000,0.25
,84,23432,1535748298,6595988718487053312,.04000000000000000000000000000000000000,0.20000000000000001
False,85,23433,1535788312,6596160577313119232,.03846153846153846153846100000000000000,0.16666666666666666
True,86,23434,1535828326,6596332436139186176,.03703703703703703703703700000000000000,0.14285714285714285
,87,23434,1535868340,6596504294965252096,.03571428571428571428571400000000000000,0.125
False,88,23435,1535908354,6596676153791319040,.03448275862068965517241300000000000000,0.1111111111111111
True,89,23435,1535948368,6596848012617384960,.03333333333333333333333300000000000000,0.10000000000000001
,90,23436,1535988382,6597019871443451904,,
False,91,23437,1536028396,6597191730269517824,.50000000000000000000000000000000000000,8.3333333333333329E-2
True,92,23437,1536068410,6597363589095584768,.33333333333333333333333300000000000000,7.6923076923076927E-2
,93,23438,1536108424,6597535447921650688,.25000000000000000000000000000000000000,7.1428571428571425E-2
False,94,23439,1536148438,6597707306747717632,.20000000000000000000000000000000000000,6.6666666666666666E-2
True,95,23439,1536188452,6597879165573783552,.16666666666666666666666600000000000000,0.0625
,96,23440,1536228466,6598051024399849472,.14285714285714285714285700000000000000,5.8823529411764705E-2
False,97,23440,1536268480,6598222883225916416,.12500000000000000000000000000000000000,5.5555555555555552E-2
True,98,23441,1536308494,6598394742051982336,.11111111111111111111111100000000000000,5.2631578947368418E-2
,99,23442,1536348508,6598566600878049280,.10000000000000000000000000000000000000,5.0000000000000003E-2
False,,,,,,
True,101,23443,1536428536,6598910318530182144,.08333333333333333333333300000000000000,0.5
,102,23443,1536468550,6599082177356248064,.07692307692307692307692300000000000000,0.33333333333333331
False,103,23444,1536508564,6599254036182315008,.07142857142857142857142800000000000000,0.25
True,104,23445,1536548578,6599425895008380928,.06666666666666666666666600000000000000,0.20000000000000001
,105,23445,1536588592,6599597753834447872,.06250000000000000000000000000000000000,0.16666666666666666
False,106,23446,1536628606,6599769612660513792,.05882352941176470588235200000000000000,0.14285714285714285
True,107,23446,1536668620,6599941471486580736,.05555555555555555555555500000000000000,0.125
,108,23447,1536708634,6600113330312646656,.05263157894736842105263100000000000000,0.1111111111111111
False,109,23448,1536748648,6600285189138713600,.05000000000000000000000000000000000000,0.10000000000000001
True,110,23448,1536788662,6600457047964779520,,
,111,23449,1536828676,6600628906790846464,.04545454545454545454545400000000000000,8.3333333333333329E-2
False,112,23450,1536868690,6600800765616912384,.04347826086956521739130400000000000000,7.6923076923076927E-2
True,113,23450,1536908704,6600972624442978304,.04166666666666666666666600000000000000,7.1428571428571425E-2
,114,23451,1536948718,6601144483269045248,.04000000000000000000000000000000000000,6.6666666666666666E-2
False,115,23451,1536988732,6601316342095111168,.03846153846153846153846100000000000000,0.0625
True,116,23452,1537028746,6601488200921178112,.03703703703703703703703700000000000000,5.8823529411764705E-2
,117,23453,1537068760,6601660059747244032,.03571428571428571428571400000000000000,5.5555555555555552E-2
False,118,23453,1537108774,6601831918573310976,.03448275862068965517241300000000000000,5.2631578947368418E-2
True,119,23454,1537148788,6602003777399376896,.03333333333333333333333300000000000000,5.0000000000000003E-2
,120,23454,1537188802,6602175636225443840,,
False,121,23455,1537228816,6602347495051509760,.50000000000000000000000000000000000000,0.5
True,122,23456,1537268830,6602519353877576704,.33333333333333333333333300000000000000,0.33333333333333331
,123,23456,1537308844,6602691212703642624,.25000000000000000000000000000000000000,0.25
False,124,23457,1537348858,6602863071529709568,.20000000000000000000000000000000000000,0.20000000000000001
True,125,23457,1537388872,6603034930355775488,.16666666666666666666666600000000000000,0.16666666666666666
,126,23458,1537428886,6603206789181842432,.14285714285714285714285700000000000000,0.14285714285714285
False,127,23459,1537468900,6603378648007908352,.12500000000000000000000000000000000000,0.125
True,128,23459,1537508914,6603550506833975296,.11111111111111111111111100000000000000,0.1111111111111111
,129,23460,1537548928,6603722365660041216,.10000000000000000000000000000000000000,0.10000000000000001
False,130,23461,1537588942,6603894224486107136,,
True,131,23461,1537628956,6604066083312174080,.08333333333333333333333300000000000000,8.3333333333333329E-2
,132,23462,1537668970,6604237942138240000,.07692307692307692307692300000000000000,7.6923076923076927E-2
False,133,23462,1537708984,6604409800964306944,.07142857142857142857142800000000000000,7.1428571428571425E-2
True,134,23463,1537748998,6604581659790372864,.06666666666666666666666600000000000000,6.6666666666666666E-2
,135,23464,1537789012,6604753518616439808,.06250000000000000000000000000000000000,0.0625
False,136,23464,1537829026,6604925377442505728,.05882352941176470588235200000000000000,5.8823529411764705E-2
True,137,23465,1537869040,6605097236268572672,.05555555555555555555555500000000000000,5.5555555555555552E-2
,138,23465,1537909054,6605269095094638592,.05263157894736842105263100000000000000,5.2631578947368418E-2
False,139,23466,1537949068,6605440953920705536,.05000000000000000000000000000000000000,5.0000000000000003E-2
True,140,23467,1537989082,6605612812746771456,,
,141,23467,1538029096,6605784671572838400,.04545454545454545454545400000000000000,0.5
False,142,23468,1538069110,6605956530398904320,.04347826086956521739130400000000000000,0.33333333333333331
True,143,23468,1538109124,6606128389224971264,.04166666666666666666666600000000000000,0.25
,144,23469,1538149138,6606300248051037184,.04000000000000000000000000000000000000,0.20000000000000001
False,145,23470,1538189152,6606472106877103104,.03846153846153846153846100000000000000,0.16666666666666666
True,146,23470,1538229166,6606643965703170048,.03703703703703703703703700000000000000,0.14285714285714285
,147,23471,1538269180,6606815824529235968,.03571428571428571428571400000000000000,0.125
False,148,23472,1538309194,6606987683355302912,.03448275862068965517241300000000000000,0.1111111111111111
True,149,23472,1538349208,6607159542181368832,.03333333333333333333333300000000000000,0.10000000000000001
,150,23473,-1538389222,-6607331401007435776,,
False,151,23473,1538429236,6607503259833501696,.50000000000000000000000000000000000000,8.3333333333333329E-2
True,152,23474,1538469250,6607675118659568640,.33333333333333333333333300000000000000,7.6923076923076927E-2
,153,23475,1538509264,6607846977485634560,.25000000000000000000000000000000000000,7.1428571428571425E-2
False,154,23475,1538549278,6608018836311701504,.20000000000000000000000000000000000000,6.6666666666666666E-2
True,155,23476,1538589292,6608190695137767424,.16666666666666666666666600000000000000,0.0625
,156,23476,1538629306,6608362553963834368,.14285714285714285714285700000000000000,5.8823529411764705E-2
False,157,23477,1538669320,6608534412789900288,.12500000000000000000000000000000000000,5.5555555555555552E-2
True,158,23478,1538709334,6608706271615967232,.11111111111111111111111100000000000000,5.2631578947368418E-2
,159,23478,1538749348,6608878130442033152,.10000000000000000000000000000000000000,5.0000000000000003E-2
False,160,23479,1538789362,6609049989268100096,,
True,161,23479,1538829376,6609221848094166016,.08333333333333333333333300000000000000,0.5
,162,23480,1538869390,6609393706920231936,.07692307692307692307692300000000000000,0.33333333333333331
False,163,23481,1538909404,6609565565746298880,.07142857142857142857142800000000000000,0.25
True,164,23481,1538949418,6609737424572364800,.06666666666666666666666600000000000000,0.20000000000000001
,165,23482,1538989432,6609909283398431744,.06250000000000000000000000000000000000,0.16666666666666666
False,166,23483,1539029446,6610081142224497664,.05882352941176470588235200000000000000,0.14285714285714285
True,167,23483,1539069460,6610253001050564608,.05555555555555555555555500000000000000,0.125
,168,23484,1539109474,6610424859876630528,.05263157894736842105263100000000000000,0.1111111111111111
False,169,23484,1539149488,6610596718702697472,.05000000000000000000000000000000000000,0.10000000000000001
True,170,23485,1539189502,6610768577528763392,,
,171,23486,1539229516,6610940436354830336,.04545454545454545454545400000000000000,8.3333333333333329E-2
False,172,23486,1539269530,6611112295180896256,.04347826086956521739130400000000000000,7.6923076923076927E-2
True,173,23487,1539309544,6611284154006963200,.04166666666666666666666600000000000000,7.1428571428571425E-2
,174,23487,1539349558,6611456012833029120,.04000000000000000000000000000000000000,6.6666666666666666E-2
False,175,23488,1539389572,6611627871659096064,.03846153846153846153846100000000000000,0.0625
True,176,23489,1539429586,6611799730485161984,.03703703703703703703703700000000000000,5.8823529411764705E-2
,177,23489,1539469600,6611971589311228928,.03571428571428571428571400000000000000,5.5555555555555552E-2
False,178,23490,1539509614,6612143448137294848,.03448275862068965517241300000000000000,5.2631578947368418E-2
True,179,23490,1539549628,6612315306963360768,.03333333333333333333333300000000000000,5.0000000000000003E-2
,180,23491,1539589642,6612487165789427712,,
False,181,23492,1539629656,6612659024615493632,.50000000000000000000000000000000000000,0.5
True,182,23492,1539669670,6612830883441560576,.33333333333333333333333300000000000000,0.33333333333333331
,183,23493,1539709684,6613002742267626496,.25000000000000000000000000000000000000,0.25
False,184,23493,1539749698,6613174601093693440,.20000000000000000000000000000000000000,0.20000000000000001
True,185,23494,1539789712,6613346459919759360,.16666666666666666666666600000000000000,0.16666666666666666
,186,23495,1539829726,6613518318745826304,.14285714285714285714285700000000000000,0.14285714285714285
False,187,23495,1539869740,6613690177571892224,.12500000000000000000000000000000000000,0.125
True,188,23496,1539909754,6613862036397959168,.11111111111111111111111100000000000000,0.1111111111111111
,189,23497,1539949768,6614033895224025088,.10000000000000000000000000000000000000,0.10000000000000001
False,190,23497,1539989782,6614205754050092032,,
True,191,23498,1540029796,6614377612876157952,.08333333333333333333333300000000000000,8.3333333333333329E-2
,192,23498,1540069810,6614549471702224896,.07692307692307692307692300000000000000,7.6923076923076927E-2
False,193,23499,1540109824,6614721330528290816,.07142857142857142857142800000000000000,7.1428571428571425E-2
True,194,23500,1540149838,6614893189354356736,.06666666666666666666666600000000000000,6.6666666666666666E-2
,195,23500,1540189852,6615065048180423680,.06250000000000000000000000000000000000,0.0625
False,196,23501,1540229866,6615236907006489600,.05882352941176470588235200000000000000,5.8823529411764705E-2
True,197,23501,1540269880,6615408765832556544,.05555555555555555555555500000000000000,5.5555555555555552E-2
,198,23502,1540309894,6615580624658622464,.05263157894736842105263100000000000000,5.2631578947368418E-2
False,199,23503,1540349908,6615752483484689408,.05000000000000000000000000000000000000,5.0000000000000003E-2
True,,,,,,
,201,23504,1540429936,6616096201136822272,.04545454545454545454545400000000000000,0.5
False,202,23504,1540469950,6616268059962888192,.04347826086956521739130400000000000000,0.33333333333333331
True,203,23505,1540509964,6616439918788955136,.04166666666666666666666600000000000000,0.25
,204,23506,1540549978,6616611777615021056,.04000000000000000000000000000000000000,0.20000000000000001
False,205,23506,1540589992,6616783636441088000,.03846153846153846153846100000000000000,0.16666666666666666
True,206,23507,1540630006,6616955495267153920,.03703703703703703703703700000000000000,0.14285714285714285
,207,23508,1540670020,6617127354093220864,.03571428571428571428571400000000000000,0.125
False,208,23508,1540710034,6617299212919286784,.03448275862068965517241300000000000000,0.1111111111111111
True,209,23509,1540750048,6617471071745353728,.03333333333333333333333300000000000000,0.10000000000000001
,210,23509,1540790062,6617642930571419648,,
False,211,23510,1540830076,6617814789397485568,.50000000000000000000000000000000000000,8.3333333333333329E-2
True,212,23511,1540870090,6617986648223552512,.33333333333333333333333300000000000000,7.6923076923076927E-2
,213,23511,1540910104,6618158507049618432,.25000000000000000000000000000000000000,7.1428571428571425E-2
False,214,23512,1540950118,6618330365875685376,.20000000000000000000000000000000000000,6.6666666666666666E-2
True,215,23512,1540990132,6618502224701751296,.16666666666666666666666600000000000000,0.0625
,216,23513,1541030146,6618674083527818240,.14285714285714285714285700000000000000,5.8823529411764705E-2
False,217,23514,1541070160,6618845942353884160,.12500000000000000000000000000000000000,5.5555555555555552E-2
True,218,23514,1541110174,6619017801179951104,.11111111111111111111111100000000000000,5.2631578947368418E-2
,219,23515,1541150188,6619189660006017024,.10000000000000000000000000000000000000,5.0000000000000003E-2
False,220,23515,1541190202,6619361518832083968,,
True,221,23516,1541230216,6619533377658149888,.08333333333333333333333300000000000000,0.5
,222,23517,1541270230,6619705236484216832,.07692307692307692307692300000000000000,0.33333333333333331
False,223,23517,1541310244,6619877095310282752,.07142857142857142857142800000000000000,0.25
True,224,23518,1541350258,6620048954136349696,.06666666666666666666666600000000000000,0.20000000000000001
,225,23519,1541390272,6620220812962415616,.06250000000000000000000000000000000000,0.16666666666666666
False,226,23519,1541430286,6620392671788482560,.05882352941176470588235200000000000000,0.14285714285714285
True,227,23520,1541470300,6620564530614548480,.05555555555555555555555500000000000000,0.125
,228,23520,1541510314,6620736389440614400,.05263157894736842105263100000000000000,0.1111111111111111
False,229,23521,1541550328,6620908248266681344,.05000000000000000000000000000000000000,0.10000000000000001
True,230,23522,1541590342,6621080107092747264,,
,231,23522,1541630356,6621251965918814208,.04545454545454545454545400000000000000,8.3333333333333329E-2
False,232,23523,1541670370,6621423824744880128,.04347826086956521739130400000000000000,7.6923076923076927E-2
True,233,23523,1541710384,6621595683570947072,.04166666666666666666666600000000000000,7.1428571428571425E-2
,234,23524,1541750398,6621767542397012992,.04000000000000000000000000000000000000,6.6666666666666666E-2
False,235,23525,1541790412,6621939401223079936,.03846153846153846153846100000000000000,0.0625
True,236,23525,1541830426,6622111260049145856,.03703703703703703703703700000000000000,5.8823529411764705E-2
,237,23526,1541870440,6622283118875212800,.03571428571428571428571400000000000000,5.5555555555555552E-2
False,238,23526,1541910454,6622454977701278720,.03448275862068965517241300000000000000,5.2631578947368418E-2
True,239,23527,1541950468,6622626836527345664,.03333333333333333333333300000000000000,5.0000000000000003E-2
,240,23528,1541990482,6622798695353411584,,
False,241,23528,1542030496,6622970554179478528,.50000000000000000000000000000000000000,0.5
True,242,23529,1542070510,6623142413005544448,.33333333333333333333333300000000000000,0.33333333333333331
,243,23530,1542110524,6623314271831610368,.25000000000000000000000000000000000000,0.25
False,244,23530,1542150538,6623486130657677312,.20000000000000000000000000000000000000,0.20000000000000001
True,245,23531,1542190552,6623657989483743232,.16666666666666666666666600000000000000,0.16666666666666666
,246,23531,1542230566,6623829848309810176,.14285714285714285714285700000000000000,0.14285714285714285
False,247,23532,1542270580,6624001707135876096,.12500000000000000000000000000000000000,0.125
True,248,23533,1542310594,6624173565961943040,.11111111111111111111111100000000000000,0.1111111111111111
,249,23533,1542350608,6624345424788008960,.10000000000000000000000000000000000000,0.10000000000000001
False,250,23534,-1542390622,-6624517283614075904,,
True,251,23534,1542430636,6624689142440141824,.08333333333333333333333300000000000000,8.3333333333333329E-2
,252,23535,1542470650,6624861001266208768,.07692307692307692307692300000000000000,7.6923076923076927E-2
False,253,23536,1542510664,6625032860092274688,.07142857142857142857142800000000000000,7.1428571428571425E-2
True,254,23536,1542550678,6625204718918341632,.06666666666666666666666600000000000000,6.6666666666666666E-2
,255,23537,1542590692,6625376577744407552,.06250000000000000000000000000000000000,0.0625
False,25,23537,1542630706,6625548436570474496,.05882352941176470588235200000000000000,5.8823529411764705E-2
True,25,23538,1542670720,6625720295396540416,.05555555555555555555555500000000000000,5.5555555555555552E-2
,25,23539,1542710734,6625892154222607360,.05263157894736842105263100000000000000,5.2631578947368418E-2
False,25,23539,1542750748,6626064013048673280,.05000000000000000000000000000000000000,5.0000000000000003E-2
True,25,23540,1542790762,6626235871874739200,,
,25,23541,1542830776,6626407730700806144,.04545454545454545454545400000000000000,0.5
False,25,23541,1542870790,6626579589526872064,.04347826086956521739130400000000000000,0.33333333333333331
True,25,23542,1542910804,6626751448352939008,.04166666666666666666666600000000000000,0.25
,25,23542,1542950818,6626923307179004928,.04000000000000000000000000000000000000,0.20000000000000001
False,25,23543,1542990832,6627095166005071872,.03846153846153846153846100000000000000,0.16666666666666666
True,25,23544,1543030846,6627267024831137792,.03703703703703703703703700000000000000,0.14285714285714285
,25,23544,1543070860,6627438883657204736,.03571428571428571428571400000000000000,0.125
False,25,23545,1543110874,6627610742483270656,.03448275862068965517241300000000000000,0.1111111111111111
True,25,23545,1543150888,6627782601309337600,.03333333333333333333333300000000000000,0.10000000000000001
,25,23546,1543190902,6627954460135403520,,
False,25,23547,1543230916,6628126318961470464,.50000000000000000000000000000000000000,8.3333333333333329E-2
True,25,23547,1543270930,6628298177787536384,.33333333333333333333333300000000000000,7.6923076923076927E-2
,25,23548,1543310944,6628470036613603328,.25000000000000000000000000000000000000,7.1428571428571425E-2
False,25,23548,1543350958,6628641895439669248,.20000000000000000000000000000000000000,6.6666666666666666E-2
True,25,23549,1543390972,6628813754265736192,.16666666666666666666666600000000000000,0.0625
,25,23550,1543430986,6628985613091802112,.14285714285714285714285700000000000000,5.8823529411764705E-2
False,25,23550,1543471000,6629157471917868032,.12500000000000000000000000000000000000,5.5555555555555552E-2
True,25,23551,1543511014,6629329330743934976,.11111111111111111111111100000000000000,5.2631578947368418E-2
,25,23552,1543551028,6629501189570000896,.10000000000000000000000000000000000000,5.0000000000000003E-2
False,25,23552,1543591042,6629673048396067840,,
True,25,23553,1543631056,6629844907222133760,.08333333333333333333333300000000000000,0.5
,25,23553,1543671070,6630016766048200704,.07692307692307692307692300000000000000,0.33333333333333331
False,25,23554,1543711084,6630188624874266624,.07142857142857142857142800000000000000,0.25
True,25,23555,1543751098,6630360483700333568,.06666666666666666666666600000000000000,0.20000000000000001
,25,23555,1543791112,6630532342526399488,.06250000000000000000000000000000000000,0.16666666666666666
False,25,23556,1543831126,6630704201352466432,.05882352941176470588235200000000000000,0.14285714285714285
True,25,23556,1543871140,6630876060178532352,.05555555555555555555555500000000000000,0.125
,25,23557,1543911154,6631047919004599296,.05263157894736842105263100000000000000,0.1111111111111111
False,25,23558,1543951168,6631219777830665216,.05000000000000000000000000000000000000,0.10000000000000001
True,25,23558,1543991182,6631391636656732160,,
,25,23559,1544031196,6631563495482798080,.04545454545454545454545400000000000000,8.3333333333333329E-2
False,25,23559,1544071210,6631735354308864000,.04347826086956521739130400000000000000,7.6923076923076927E-2
True,25,23560,1544111224,6631907213134930944,.04166666666666666666666600000000000000,7.1428571428571425E-2
,25,23561,1544151238,6632079071960996864,.04000000000000000000000000000000000000,6.6666666666666666E-2
False,25,23561,1544191252,6632250930787063808,.03846153846153846153846100000000000000,0.0625
True,25,23562,1544231266,6632422789613129728,.03703703703703703703703700000000000000,5.8823529411764705E-2
,25,23562,1544271280,6632594648439196672,.03571428571428571428571400000000000000,5.5555555555555552E-2
False,25,23563,1544311294,6632766507265262592,.03448275862068965517241300000000000000,5.2631578947368418E-2
True,25,23564,1544351308,6632938366091329536,.03333333333333333333333300000000000000,5.0000000000000003E-2
,,,,,,
False,25,23565,1544431336,6633282083743462400,.50000000000000000000000000000000000000,0.5
True,25,23566,1544471350,6633453942569528320,.33333333333333333333333300000000000000,0.33333333333333331
,25,23566,1544511364,6633625801395595264,.25000000000000000000000000000000000000,0.25
False,25,23567,1544551378,6633797660221661184,.20000000000000000000000000000000000000,0.20000000000000001
True,25,23567,1544591392,6633969519047728128,.16666666666666666666666600000000000000,0.16666666666666666
,25,23568,1544631406,6634141377873794048,.14285714285714285714285700000000000000,0.14285714285714285
False,25,23569,1544671420,6634313236699860992,.12500000000000000000000000000000000000,0.125
True,25,23569,1544711434,6634485095525926912,.11111111111111111111111100000000000000,0.1111111111111111
,25,23570,1544751448,6634656954351992832,.10000000000000000000000000000000000000,0.10000000000000001
False,25,23570,1544791462,6634828813178059776,,
True,25,23571,1544831476,6635000672004125696,.08333333333333333333333300000000000000,8.3333333333333329E-2
,25,23572,1544871490,6635172530830192640,.07692307692307692307692300000000000000,7.6923076923076927E-2
False,25,23572,1544911504,6635344389656258560,.07142857142857142857142800000000000000,7.1428571428571425E-2
True,25,23573,1544951518,6635516248482325504,.06666666666666666666666600000000000000,6.6666666666666666E-2
,25,23573,1544991532,6635688107308391424,.06250000000000000000000000000000000000,0.0625
False,25,23574,1545031546,6635859966134458368,.05882352941176470588235200000000000000,5.8823529411764705E-2
True,25,23575,1545071560,6636031824960524288,.05555555555555555555555500000000000000,5.5555555555555552E-2
,25,23575,1545111574,6636203683786591232,.05263157894736842105263100000000000000,5.2631578947368418E-2
False,25,23576,1545151588,6636375542612657152,.05000000000000000000000000000000000000,5.0000000000000003E-2
True,25,23577,1545191602,6636547401438724096,,
,25,23577,1545231616,6636719260264790016,.04545454545454545454545400000000000000,0.5
False,25,23578,1545271630,6636891119090856960,.04347826086956521739130400000000000000,0.33333333333333331
True,25,23578,1545311644,6637062977916922880,.04166666666666666666666600000000000000,0.25
,25,23579,1545351658,6637234836742989824,.04000000000000000000000000000000000000,0.20000000000000001
False,25,23580,1545391672,6637406695569055744,.03846153846153846153846100000000000000,0.16666666666666666
True,25,23580,1545431686,6637578554395121664,.03703703703703703703703700000000000000,0.14285714285714285
,25,23581,1545471700,6637750413221188608,.03571428571428571428571400000000000000,0.125
False,25,23581,1545511714,6637922272047254528,.03448275862068965517241300000000000000,0.1111111111111111
True,25,23582,1545551728,6638094130873321472,.03333333333333333333333300000000000000,0.10000000000000001
,25,23583,1545591742,6638265989699387392,,
False,25,23583,1545631756,6638437848525454336,.50000000000000000000000000000000000000,8.3333333333333329E-2
True,25,23584,1545671770,6638609707351520256,.33333333333333333333333300000000000000,7.6923076923076927E-2
,25,23584,1545711784,6638781566177587200,.25000000000000000000000000000000000000,7.1428571428571425E-2
False,25,23585,1545751798,6638953425003653120,.20000000000000000000000000000000000000,6.6666666666666666E-2
True,25,23586,1545791812,6639125283829720064,.16666666666666666666666600000000000000,0.0625
,25,23586,1545831826,6639297142655785984,.14285714285714285714285700000000000000,5.8823529411764705E-2
False,25,23587,1545871840,6639469001481852928,.12500000000000000000000000000000000000,5.5555555555555552E-2
True,25,23588,1545911854,6639640860307918848,.11111111111111111111111100000000000000,5.2631578947368418E-2
,25,23588,1545951868,6639812719133985792,.10000000000000000000000000000000000000,5.0000000000000003E-2
False,25,23589,1545991882,6639984577960051712,,
True,25,23589,1546031896,6640156436786117632,.08333333333333333333333300000000000000,0.5
,25,23590,1546071910,6640328295612184576,.07692307692307692307692300000000000000,0.33333333333333331
False,25,23591,1546111924,6640500154438250496,.07142857142857142857142800000000000000,0.25
True,25,23591,1546151938,6640672013264317440,.06666666666666666666666600000000000000,0.20000000000000001
,25,23592,1546191952,6640843872090383360,.06250000000000000000000000000000000000,0.16666666666666666
False,25,23592,1546231966,6641015730916450304,.05882352941176470588235200000000000000,0.14285714285714285
True,25,23593,1546271980,6641187589742516224,.05555555555555555555555500000000000000,0.125
,25,23594,1546311994,6641359448568583168,.05263157894736842105263100000000000000,0.1111111111111111
False,25,23594,1546352008,6641531307394649088,.05000000000000000000000000000000000000,0.10000000000000001
True,25,23595,-1546392022,-6641703166220716032,,
,25,23595,1546432036,6641875025046781952,.04545454545454545454545400000000000000,8.3333333333333329E-2
False,25,23596,1546472050,6642046883872848896,.04347826086956521739130400000000000000,7.6923076923076927E-2
True,25,23597,1546512064,6642218742698914816,.04166666666666666666666600000000000000,7.1428571428571425E-2
,25,23597,1546552078,6642390601524981760,.04000000000000000000000000000000000000,6.6666666666666666E-2
False,25,23598,1546592092,6642562460351047680,.03846153846153846153846100000000000000,0.0625
True,25,23599,1546632106,6642734319177114624,.03703703703703703703703700000000000000,5.8823529411764705E-2
,25,23599,1546672120,6642906178003180544,.03571428571428571428571400000000000000,5.5555555555555552E-2
False,25,23600,1546712134,6643078036829246464,.03448275862068965517241300000000000000,5.2631578947368418E-2
True,25,23600,1546752148,6643249895655313408,.03333333333333333333333300000000000000,5.0000000000000003E-2
,25,23601,1546792162,6643421754481379328,,
False,25,23602,1546832176,6643593613307446272,.50000000000000000000000000000000000000,0.5
True,25,23602,1546872190,6643765472133512192,.33333333333333333333333300000000000000,0.33333333333333331
,25,23603,1546912204,6643937330959579136,.25000000000000000000000000000000000000,0.25
False,25,23603,1546952218,6644109189785645056,.20000000000000000000000000000000000000,0.20000000000000001
True,25,23604,1546992232,6644281048611712000,.16666666666666666666666600000000000000,0.16666666666666666
,25,23605,1547032246,6644452907437777920,.14285714285714285714285700000000000000,0.14285714285714285
False,25,23605,1547072260,6644624766263844864,.12500000000000000000000000000000000000,0.125
True,25,23606,1547112274,6644796625089910784,.11111111111111111111111100000000000000,0.1111111111111111
,25,23606,1547152288,6644968483915977728,.10000000000000000000000000000000000000,0.10000000000000001
False,25,23607,1547192302,6645140342742043648,,
True,25,23608,1547232316,6645312201568110592,.08333333333333333333333300000000000000,8.3333333333333329E-2
,25,23608,1547272330,6645484060394176512,.07692307692307692307692300000000000000,7.6923076923076927E-2
False,25,23609,1547312344,6645655919220243456,.07142857142857142857142800000000000000,7.1428571428571425E-2
True,25,23610,1547352358,6645827778046309376,.06666666666666666666666600000000000000,6.6666666666666666E-2
,25,23610,1547392372,6645999636872375296,.06250000000000000000000000000000000000,0.0625
False,25,23611,1547432386,6646171495698442240,.05882352941176470588235200000000000000,5.8823529411764705E-2
True,25,23611,1547472400,6646343354524508160,.05555555555555555555555500000000000000,5.5555555555555552E-2
,25,23612,1547512414,6646515213350575104,.05263157894736842105263100000000000000,5.2631578947368418E-2
False,25,23613,1547552428,6646687072176641024,.05000000000000000000000000000000000000,5.0000000000000003E-2
True,25,23613,1547592442,6646858931002707968,,
,25,23614,1547632456,6647030789828773888,.04545454545454545454545400000000000000,0.5
False,25,23614,1547672470,6647202648654840832,.04347826086956521739130400000000000000,0.33333333333333331
True,25,23615,1547712484,6647374507480906752,.04166666666666666666666600000000000000,0.25
,25,23616,1547752498,6647546366306973696,.04000000000000000000000000000000000000,0.20000000000000001
False,25,23616,1547792512,6647718225133039616,.03846153846153846153846100000000000000,0.16666666666666666
True,25,23617,1547832526,6647890083959106560,.03703703703703703703703700000000000000,0.14285714285714285
,25,23617,1547872540,6648061942785172480,.03571428571428571428571400000000000000,0.125
False,25,23618,1547912554,6648233801611239424,.03448275862068965517241300000000000000,0.1111111111111111
True,25,23619,1547952568,6648405660437305344,.03333333333333333333333300000000000000,0.10000000000000001
,25,23619,1547992582,6648577519263371264,,
False,25,23620,1548032596,6648749378089438208,.50000000000000000000000000000000000000,8.3333333333333329E-2
True,25,23620,1548072610,6648921236915504128,.33333333333333333333333300000000000000,7.6923076923076927E-2
,25,23621,1548112624,6649093095741571072,.25000000000000000000000000000000000000,7.1428571428571425E-2
False,25,23622,1548152638,6649264954567636992,.20000000000000000000000000000000000000,6.6666666666666666E-2
True,25,23622,1548192652,6649436813393703936,.16666666666666666666666600000000000000,0.0625
,25,23623,1548232666,6649608672219769856,.14285714285714285714285700000000000000,5.8823529411764705E-2
False,25,23624,1548272680,6649780531045836800,.12500000000000000000000000000000000000,5.5555555555555552E-2
True,25,23624,1548312694,6649952389871902720,.11111111111111111111111100000000000000,5.2631578947368418E-2
,25,23625,1548352708,6650124248697969664,.10000000000000000000000000000000000000,5.0000000000000003E-2
False,,,,,,
True,25,23626,1548432736,6650467966350102528,.08333333333333333333333300000000000000,0.5
,25,23627,1548472750,6650639825176168448,.07692307692307692307692300000000000000,0.33333333333333331
False,25,23627,1548512764,6650811684002235392,.07142857142857142857142800000000000000,0.25
True,25,23628,1548552778,6650983542828301312,.06666666666666666666666600000000000000,0.20000000000000001
,25,23628,1548592792,6651155401654368256,.06250000000000000000000000000000000000,0.16666666666666666
False,25,23629,1548632806,6651327260480434176,.05882352941176470588235200000000000000,0.14285714285714285
True,25,23630,1548672820,6651499119306500096,.05555555555555555555555500000000000000,0.125
,25,23630,1548712834,6651670978132567040,.05263157894736842105263100000000000000,0.1111111111111111
False,25,23631,1548752848,6651842836958632960,.05000000000000000000000000000000000000,0.10000000000000001
True,25,23631,1548792862,6652014695784699904,,
,25,23632,1548832876,6652186554610765824,.04545454545454545454545400000000000000,8.3333333333333329E-2
False,25,23633,1548872890,6652358413436832768,.04347826086956521739130400000000000000,7.6923076923076927E-2
True,25,23633,1548912904,6652530272262898688,.04166666666666666666666600000000000000,7.1428571428571425E-2
,25,23634,1548952918,6652702131088965632,.04000000000000000000000000000000000000,6.6666666666666666E-2
False,25,23635,1548992932,6652873989915031552,.03846153846153846153846100000000000000,0.0625
True,25,23635,1549032946,6653045848741098496,.03703703703703703703703700000000000000,5.8823529411764705E-2
,25,23636,1549072960,6653217707567164416,.03571428571428571428571400000000000000,5.5555555555555552E-2
False,25,23636,1549112974,6653389566393231360,.03448275862068965517241300000000000000,5.2631578947368418E-2
True,25,23637,1549152988,6653561425219297280,.03333333333333333333333300000000000000,5.0000000000000003E-2
,25,23638,1549193002,6653733284045364224,,
False,25,23638,1549233016,6653905142871430144,.50000000000000000000000000000000000000,0.5
True,25,23639,1549273030,6654077001697497088,.33333333333333333333333300000000000000,0.33333333333333331
,25,23639,1549313044,6654248860523563008,.25000000000000000000000000000000000000,0.25
False,25,23640,1549353058,6654420719349628928,.20000000000000000000000000000000000000,0.20000000000000001
True,25,23641,1549393072,6654592578175695872,.16666666666666666666666600000000000000,0.16666666666666666
,25,23641,1549433086,6654764437001761792,.14285714285714285714285700000000000000,0.14285714285714285
False,25,23642,1549473100,6654936295827828736,.12500000000000000000000000000000000000,0.125
True,25,23642,1549513114,6655108154653894656,.11111111111111111111111100000000000000,0.1111111111111111
,25,23643,1549553128,6655280013479961600,.10000000000000000000000000000000000000,0.10000000000000001
False,25,23644,1549593142,6655451872306027520,,
True,25,23644,1549633156,6655623731132094464,.08333333333333333333333300000000000000,8.3333333333333329E-2
,25,23645,1549673170,6655795589958160384,.07692307692307692307692300000000000000,7.6923076923076927E-2
False,25,23646,1549713184,6655967448784227328,.07142857142857142857142800000000000000,7.1428571428571425E-2
True,25,23646,1549753198,6656139307610293248,.06666666666666666666666600000000000000,6.6666666666666666E-2
,25,23647,1549793212,6656311166436360192,.06250000000000000000000000000000000000,0.0625
False,25,23647,1549833226,6656483025262426112,.05882352941176470588235200000000000000,5.8823529411764705E-2
True,25,23648,1549873240,6656654884088493056,.05555555555555555555555500000000000000,5.5555555555555552E-2
,25,23649,1549913254,6656826742914558976,.05263157894736842105263100000000000000,5.2631578947368418E-2
False,25,23649,1549953268,6656998601740624896,.05000000000000000000000000000000000000,5.0000000000000003E-2
True,25,23650,1549993282,6657170460566691840,,
,25,23650,1550033296,6657342319392757760,.04545454545454545454545400000000000000,0.5
False,25,23651,1550073310,6657514178218824704,.04347826086956521739130400000000000000,0.33333333333333331
True,25,23652,1550113324,6657686037044890624,.04166666666666666666666600000000000000,0.25
,25,23652,1550153338,6657857895870957568,.04000000000000000000000000000000000000,0.20000000000000001
False,25,23653,1550193352,6658029754697023488,.03846153846153846153846100000000000000,0.16666666666666666
True,25,23653,1550233366,6658201613523090432,.03703703703703703703703700000000000000,0.14285714285714285
,25,23654,1550273380,6658373472349156352,.03571428571428571428571400000000000000,0.125
False,25,23655,1550313394,6658545331175223296,.03448275862068965517241300000000000000,0.1111111111111111
True,25,23655,1550353408,6658717190001289216,.03333333333333333333333300000000000000,0.10000000000000001
,25,23656,-1550393422,-6658889048827356160,,
False,25,23657,1550433436,6659060907653422080,.50000000000000000000000000000000000000,8.3333333333333329E-2
True,25,23657,1550473450,6659232766479489024,.33333333333333333333333300000000000000,7.6923076923076927E-2
,25,23658,1550513464,6659404625305554944,.25000000000000000000000000000000000000,7.1428571428571425E-2
False,25,23658,1550553478,6659576484131621888,.20000000000000000000000000000000000000,6.6666666666666666E-2
True,25,23659,1550593492,6659748342957687808,.16666666666666666666666600000000000000,0.0625
,25,23660,1550633506,6659920201783753728,.14285714285714285714285700000000000000,5.8823529411764705E-2
False,25,23660,1550673520,6660092060609820672,.12500000000000000000000000000000000000,5.5555555555555552E-2
True,25,23661,1550713534,6660263919435886592,.11111111111111111111111100000000000000,5.2631578947368418E-2
,25,23661,1550753548,6660435778261953536,.10000000000000000000000000000000000000,5.0000000000000003E-2
False,25,23662,1550793562,6660607637088019456,,
True,25,23663,1550833576,6660779495914086400,.08333333333333333333333300000000000000,0.5
,25,23663,1550873590,6660951354740152320,.07692307692307692307692300000000000000,0.33333333333333331
False,25,23664,1550913604,6661123213566219264,.07142857142857142857142800000000000000,0.25
True,25,23664,1550953618,6661295072392285184,.06666666666666666666666600000000000000,0.20000000000000001
,25,23665,1550993632,6661466931218352128,.06250000000000000000000000000000000000,0.16666666666666666
False,25,23666,1551033646,6661638790044418048,.05882352941176470588235200000000000000,0.14285714285714285
True,25,23666,1551073660,6661810648870484992,.05555555555555555555555500000000000000,0.125
,25,23667,1551113674,6661982507696550912,.05263157894736842105263100000000000000,0.1111111111111111
False,25,23668,1551153688,6662154366522617856,.05000000000000000000000000000000000000,0.10000000000000001
True,25,23668,1551193702,6662326225348683776,,
,25,23669,1551233716,6662498084174750720,.04545454545454545454545400000000000000,8.3333333333333329E-2
False,25,23669,1551273730,6662669943000816640,.04347826086956521739130400000000000000,7.6923076923076927E-2
True,25,23670,1551313744,6662841801826882560,.04166666666666666666666600000000000000,7.1428571428571425E-2
,25,23671,1551353758,6663013660652949504,.04000000000000000000000000000000000000,6.6666666666666666E-2
False,25,23671,1551393772,6663185519479015424,.03846153846153846153846100000000000000,0.0625
True,25,23672,1551433786,6663357378305082368,.03703703703703703703703700000000000000,5.8823529411764705E-2
,25,23672,1551473800,6663529237131148288,.03571428571428571428571400000000000000,5.5555555555555552E-2
False,25,23673,1551513814,6663701095957215232,.03448275862068965517241300000000000000,5.2631578947368418E-2
True,25,23674,1551553828,6663872954783281152,.03333333333333333333333300000000000000,5.0000000000000003E-2
,25,23674,1551593842,6664044813609348096,,
False,25,23675,1551633856,6664216672435414016,.50000000000000000000000000000000000000,0.5
True,25,23675,1551673870,6664388531261480960,.33333333333333333333333300000000000000,0.33333333333333331
,25,23676,1551713884,6664560390087546880,.25000000000000000000000000000000000000,0.25
False,25,23677,1551753898,6664732248913613824,.20000000000000000000000000000000000000,0.20000000000000001
True,25,23677,1551793912,6664904107739679744,.16666666666666666666666600000000000000,0.16666666666666666
,25,23678,1551833926,6665075966565746688,.14285714285714285714285700000000000000,0.14285714285714285
False,25,23678,1551873940,6665247825391812608,.12500000000000000000000000000000000000,0.125
True,25,23679,1551913954,6665419684217878528,.11111111111111111111111100000000000000,0.1111111111111111
,25,23680,1551953968,6665591543043945472,.10000000000000000000000000000000000000,0.10000000000000001
False,25,23680,1551993982,6665763401870011392,,
True,25,23681,1552033996,6665935260696078336,.08333333333333333333333300000000000000,8.3333333333333329E-2
,25,23682,1552074010,6666107119522144256,.07692307692307692307692300000000000000,7.6923076923076927E-2
False,25,23682,1552114024,6666278978348211200,.07142857142857142857142800000000000000,7.1428571428571425E-2
True,25,23683,1552154038,6666450837174277120,.06666666666666666666666600000000000000,6.6666666666666666E-2
,25,23683,1552194052,6666622696000344064,.06250000000000000000000000000000000000,0.0625
False,25,23684,1552234066,6666794554826409984,.05882352941176470588235200000000000000,5.8823529411764705E-2
True,25,23685,1552274080,6666966413652476928,.05555555555555555555555500000000000000,5.5555555555555552E-2
,25,23685,1552314094,6667138272478542848,.05263157894736842105263100000000000000,5.2631578947368418E-2
False,25,23686,1552354108,6667310131304609792,.05000000000000000000000000000000000000,5.0000000000000003E-2
True,,,,,,
,25,23687,1552434136,6667653848956742656,.04545454545454545454545400000000000000,0.5
False,25,23688,1552474150,6667825707782808576,.04347826086956521739130400000000000000,0.33333333333333331
True,25,23688,1552514164,6667997566608875520,.04166666666666666666666600000000000000,0.25
,25,23689,1552554178,6668169425434941440,.04000000000000000000000000000000000000,0.20000000000000001
False,25,23689,1552594192,6668341284261007360,.03846153846153846153846100000000000000,0.16666666666666666
True,25,23690,1552634206,6668513143087074304,.03703703703703703703703700000000000000,0.14285714285714285
,25,23691,1552674220,6668685001913140224,.03571428571428571428571400000000000000,0.125
False,25,23691,1552714234,6668856860739207168,.03448275862068965517241300000000000000,0.1111111111111111
True,25,23692,1552754248,6669028719565273088,.03333333333333333333333300000000000000,0.10000000000000001
,25,23693,1552794262,6669200578391340032,,
False,25,23693,1552834276,6669372437217405952,.50000000000000000000000000000000000000,8.3333333333333329E-2
True,25,23694,1552874290,6669544296043472896,.33333333333333333333333300000000000000,7.6923076923076927E-2
,25,23694,1552914304,6669716154869538816,.25000000000000000000000000000000000000,7.1428571428571425E-2
False,25,23695,1552954318,6669888013695605760,.20000000000000000000000000000000000000,6.6666666666666666E-2
True,25,23696,1552994332,6670059872521671680,.16666666666666666666666600000000000000,0.0625
,25,23696,1553034346,6670231731347738624,.14285714285714285714285700000000000000,5.8823529411764705E-2
False,25,23697,1553074360,6670403590173804544,.12500000000000000000000000000000000000,5.5555555555555552E-2
True,25,23697,1553114374,6670575448999871488,.11111111111111111111111100000000000000,5.2631578947368418E-2
,25,23698,1553154388,6670747307825937408,.10000000000000000000000000000000000000,5.0000000000000003E-2
False,25,23699,1553194402,6670919166652004352,,
True,25,23699,1553234416,6671091025478070272,.08333333333333333333333300000000000000,0.5
,25,23700,1553274430,6671262884304136192,.07692307692307692307692300000000000000,0.33333333333333331
False,25,23700,1553314444,6671434743130203136,.07142857142857142857142800000000000000,0.25
True,25,23701,1553354458,6671606601956269056,.06666666666666666666666600000000000000,0.20000000000000001
,25,23702,1553394472,6671778460782336000,.06250000000000000000000000000000000000,0.16666666666666666
False,25,23702,1553434486,6671950319608401920,.05882352941176470588235200000000000000,0.14285714285714285
True,25,23703,1553474500,6672122178434468864,.05555555555555555555555500000000000000,0.125
,25,23704,1553514514,6672294037260534784,.05263157894736842105263100000000000000,0.1111111111111111
False,25,23704,1553554528,6672465896086601728,.05000000000000000000000000000000000000,0.10000000000000001
True,25,23705,1553594542,6672637754912667648,,
,25,23705,1553634556,6672809613738734592,.04545454545454545454545400000000000000,8.3333333333333329E-2
False,25,23706,1553674570,6672981472564800512,.04347826086956521739130400000000000000,7.6923076923076927E-2
True,25,23707,1553714584,6673153331390867456,.04166666666666666666666600000000000000,7.1428571428571425E-2
,25,23707,1553754598,6673325190216933376,.04000000000000000000000000000000000000,6.6666666666666666E-2
False,25,23708,1553794612,6673497049043000320,.03846153846153846153846100000000000000,0.0625
True,25,23708,1553834626,6673668907869066240,.03703703703703703703703700000000000000,5.8823529411764705E-2
,25,23709,1553874640,6673840766695132160,.03571428571428571428571400000000000000,5.5555555555555552E-2
False,25,23710,1553914654,6674012625521199104,.03448275862068965517241300000000000000,5.2631578947368418E-2
True,25,23710,1553954668,6674184484347265024,.03333333333333333333333300000000000000,5.0000000000000003E-2
,25,23711,1553994682,6674356343173331968,,
False,25,23711,1554034696,6674528201999397888,.50000000000000000000000000000000000000,0.5
True,25,23712,1554074710,6674700060825464832,.33333333333333333333333300000000000000,0.33333333333333331
,25,23713,1554114724,6674871919651530752,.25000000000000000000000000000000000000,0.25
False,25,23713,1554154738,6675043778477597696,.20000000000000000000000000000000000000,0.20000000000000001
True,25,23714,1554194752,6675215637303663616,.16666666666666666666666600000000000000,0.16666666666666666
,25,23715,1554234766,6675387496129730560,.14285714285714285714285700000000000000,0.14285714285714285
False,25,23715,1554274780,6675559354955796480,.12500000000000000000000000000000000000,0.125
True,25,23716,1554314794,6675731213781863424,.11111111111111111111111100000000000000,0.1111111111111111
,25,23716,1554354808,6675903072607929344,.10000000000000000000000000000000000000,0.10000000000000001
False,25,23717,-1554394822,-6676074931433996288,,
True,25,23718,1554434836,6676246790260062208,.08333333333333333333333300000000000000,8.3333333333333329E-2
,25,23718,1554474850,6676418649086129152,.07692307692307692307692300000000000000,7.6923076923076927E-2
False,25,23719,1554514864,6676590507912195072,.07142857142857142857142800000000000000,7.1428571428571425E-2
True,25,23719,1554554878,6676762366738260992,.06666666666666666666666600000000000000,6.6666666666666666E-2
,25,23720,1554594892,6676934225564327936,.06250000000000000000000000000000000000,0.0625
False,25,23721,1554634906,6677106084390393856,.05882352941176470588235200000000000000,5.8823529411764705E-2
True,25,23721,1554674920,6677277943216460800,.05555555555555555555555500000000000000,5.5555555555555552E-2
,25,23722,1554714934,6677449802042526720,.05263157894736842105263100000000000000,5.2631578947368418E-2
False,25,23722,1554754948,6677621660868593664,.05000000000000000000000000000000000000,5.0000000000000003E-2
True,25,23723,1554794962,6677793519694659584,,
,25,23724,1554834976,6677965378520726528,.04545454545454545454545400000000000000,0.5
False,25,23724,1554874990,6678137237346792448,.04347826086956521739130400000000000000,0.33333333333333331
True,25,23725,1554915004,6678309096172859392,.04166666666666666666666600000000000000,0.25
,25,23726,1554955018,6678480954998925312,.04000000000000000000000000000000000000,0.20000000000000001
False,25,23726,1554995032,6678652813824992256,.03846153846153846153846100000000000000,0.16666666666666666
True,25,23727,1555035046,6678824672651058176,.03703703703703703703703700000000000000,0.14285714285714285
,25,23727,1555075060,6678996531477125120,.03571428571428571428571400000000000000,0.125
False,25,23728,1555115074,6679168390303191040,.03448275862068965517241300000000000000,0.1111111111111111
True,25,23729,1555155088,6679340249129257984,.03333333333333333333333300000000000000,0.10000000000000001
,25,23729,1555195102,6679512107955323904,,
False,25,23730,1555235116,6679683966781389824,.50000000000000000000000000000000000000,8.3333333333333329E-2
True,25,23730,1555275130,6679855825607456768,.33333333333333333333333300000000000000,7.6923076923076927E-2
,25,23731,1555315144,6680027684433522688,.25000000000000000000000000000000000000,7.1428571428571425E-2
False,25,23732,1555355158,6680199543259589632,.20000000000000000000000000000000000000,6.6666666666666666E-2
True,25,23732,1555395172,6680371402085655552,.16666666666666666666666600000000000000,0.0625
,25,23733,1555435186,6680543260911722496,.14285714285714285714285700000000000000,5.8823529411764705E-2
False,25,23733,1555475200,6680715119737788416,.12500000000000000000000000000000000000,5.5555555555555552E-2
True,25,23734,1555515214,6680886978563855360,.11111111111111111111111100000000000000,5.2631578947368418E-2
,25,23735,1555555228,6681058837389921280,.10000000000000000000000000000000000000,5.0000000000000003E-2
False,25,23735,1555595242,6681230696215988224,,
True,25,23736,1555635256,6681402555042054144,.08333333333333333333333300000000000000,0.5
,25,23736,1555675270,6681574413868121088,.07692307692307692307692300000000000000,0.33333333333333331
False,25,23737,1555715284,6681746272694187008,.07142857142857142857142800000000000000,0.25
True,25,23738,1555755298,6681918131520253952,.06666666666666666666666600000000000000,0.20000000000000001
,25,23738,1555795312,6682089990346319872,.06250000000000000000000000000000000000,0.16666666666666666
False,25,23739,1555835326,6682261849172385792,.05882352941176470588235200000000000000,0.14285714285714285
True,25,23740,1555875340,6682433707998452736,.05555555555555555555555500000000000000,0.125
,25,23740,1555915354,6682605566824518656,.05263157894736842105263100000000000000,0.1111111111111111
False,25,23741,1555955368,6682777425650585600,.05000000000000000000000000000000000000,0.10000000000000001
True,25,23741,1555995382,6682949284476651520,,
,25,23742,1556035396,6683121143302718464,.04545454545454545454545400000000000000,8.3333333333333329E-2
False,25,23743,1556075410,6683293002128784384,.04347826086956521739130400000000000000,7.6923076923076927E-2
True,25,23743,1556115424,6683464860954851328,.04166666666666666666666600000000000000,7.1428571428571425E-2
,25,23744,1556155438,6683636719780917248,.04000000000000000000000000000000000000,6.6666666666666666E-2
False,25,23744,1556195452,6683808578606984192,.03846153846153846153846100000000000000,0.0625
True,25,23745,1556235466,6683980437433050112,.03703703703703703703703700000000000000,5.8823529411764705E-2
,25,23746,1556275480,6684152296259117056,.03571428571428571428571400000000000000,5.5555555555555552E-2
False,25,23746,1556315494,6684324155085182976,.03448275862068965517241300000000000000,5.2631578947368418E-2
True,25,23747,1556355508,6684496013911249920,.03333333333333333333333300000000000000,5.0000000000000003E-2
,,,,,,
False,25,23748,1556435536,6684839731563382784,.50000000000000000000000000000000000000,0.5
True,25,23749,1556475550,6685011590389448704,.33333333333333333333333300000000000000,0.33333333333333331
,25,23749,1556515564,6685183449215514624,.25000000000000000000000000000000000000,0.25
False,25,23750,1556555578,6685355308041581568,.20000000000000000000000000000000000000,0.20000000000000001
True,25,23751,1556595592,6685527166867647488,.16666666666666666666666600000000000000,0.16666666666666666
,25,23751,1556635606,6685699025693714432,.14285714285714285714285700000000000000,0.14285714285714285
False,25,23752,1556675620,6685870884519780352,.12500000000000000000000000000000000000,0.125
True,25,23752,1556715634,6686042743345847296,.11111111111111111111111100000000000000,0.1111111111111111
,25,23753,1556755648,6686214602171913216,.10000000000000000000000000000000000000,0.10000000000000001
False,25,23754,1556795662,6686386460997980160,,
True,25,23754,1556835676,6686558319824046080,.08333333333333333333333300000000000000,8.3333333333333329E-2
,25,23755,1556875690,6686730178650113024,.07692307692307692307692300000000000000,7.6923076923076927E-2
False,25,23755,1556915704,6686902037476178944,.07142857142857142857142800000000000000,7.1428571428571425E-2
True,25,23756,1556955718,6687073896302245888,.06666666666666666666666600000000000000,6.6666666666666666E-2
,25,23757,1556995732,6687245755128311808,.06250000000000000000000000000000000000,0.0625
False,25,23757,1557035746,6687417613954378752,.05882352941176470588235200000000000000,5.8823529411764705E-2
True,25,23758,1557075760,6687589472780444672,.05555555555555555555555500000000000000,5.5555555555555552E-2
,25,23758,1557115774,6687761331606511616,.05263157894736842105263100000000000000,5.2631578947368418E-2
False,25,23759,1557155788,6687933190432577536,.05000000000000000000000000000000000000,5.0000000000000003E-2
True,25,23760,1557195802,6688105049258643456,,
,25,23760,1557235816,6688276908084710400,.04545454545454545454545400000000000000,0.5
False,25,23761,1557275830,6688448766910776320,.04347826086956521739130400000000000000,0.33333333333333331
True,25,23762,1557315844,6688620625736843264,.04166666666666666666666600000000000000,0.25
,25,23762,1557355858,6688792484562909184,.04000000000000000000000000000000000000,0.20000000000000001
False,25,23763,1557395872,6688964343388976128,.03846153846153846153846100000000000000,0.16666666666666666
True,25,23763,1557435886,6689136202215042048,.03703703703703703703703700000000000000,0.14285714285714285
,25,23764,1557475900,6689308061041108992,.03571428571428571428571400000000000000,0.125
False,25,23765,1557515914,6689479919867174912,.03448275862068965517241300000000000000,0.1111111111111111
True,25,23765,1557555928,6689651778693241856,.03333333333333333333333300000000000000,0.10000000000000001
,25,23766,1557595942,6689823637519307776,,
False,25,23766,1557635956,6689995496345374720,.50000000000000000000000000000000000000,8.3333333333333329E-2
True,25,23767,1557675970,6690167355171440640,.33333333333333333333333300000000000000,7.6923076923076927E-2
,25,23768,1557715984,6690339213997507584,.25000000000000000000000000000000000000,7.1428571428571425E-2
False,25,23768,1557755998,6690511072823573504,.20000000000000000000000000000000000000,6.6666666666666666E-2
True,25,23769,1557796012,6690682931649639424,.16666666666666666666666600000000000000,0.0625
,25,23769,1557836026,6690854790475706368,.14285714285714285714285700000000000000,5.8823529411764705E-2
False,25,23770,1557876040,6691026649301772288,.12500000000000000000000000000000000000,5.5555555555555552E-2
True,25,23771,1557916054,6691198508127839232,.11111111111111111111111100000000000000,5.2631578947368418E-2
,25,23771,1557956068,6691370366953905152,.10000000000000000000000000000000000000,5.0000000000000003E-2
False,25,23772,1557996082,6691542225779972096,,
True,25,23773,1558036096,6691714084606038016,.08333333333333333333333300000000000000,0.5
,25,23773,1558076110,6691885943432104960,.07692307692307692307692300000000000000,0.33333333333333331
False,25,23774,1558116124,6692057802258170880,.07142857142857142857142800000000000000,0.25
True,25,23774,1558156138,6692229661084237824,.06666666666666666666666600000000000000,0.20000000000000001
,25,23775,1558196152,6692401519910303744,.06250000000000000000000000000000000000,0.16666666666666666
False,25,23776,1558236166,6692573378736370688,.05882352941176470588235200000000000000,0.14285714285714285
True,25,23776,1558276180,6692745237562436608,.05555555555555555555555500000000000000,0.125
,25,23777,1558316194,6692917096388503552,.05263157894736842105263100000000000000,0.1111111111111111
False,25,23777,1558356208,6693088955214569472,.05000000000000000000000000000000000000,0.10000000000000001
True,25,23778,-1558396222,-6693260814040636416,,
,25,23779,1558436236,6693432672866702336,.04545454545454545454545400000000000000,8.3333333333333329E-2
False,25,23779,1558476250,6693604531692768256,.04347826086956521739130400000000000000,7.6923076923076927E-2
True,25,23780,1558516264,6693776390518835200,.04166666666666666666666600000000000000,7.1428571428571425E-2
,25,23780,1558556278,6693948249344901120,.04000000000000000000000000000000000000,6.6666666666666666E-2
False,25,23781,1558596292,6694120108170968064,.03846153846153846153846100000000000000,0.0625
True,25,23782,1558636306,6694291966997033984,.03703703703703703703703700000000000000,5.8823529411764705E-2
,25,23782,1558676320,6694463825823100928,.03571428571428571428571400000000000000,5.5555555555555552E-2
False,25,23783,1558716334,6694635684649166848,.03448275862068965517241300000000000000,5.2631578947368418E-2
True,25,23784,1558756348,6694807543475233792,.03333333333333333333333300000000000000,5.0000000000000003E-2
,25,23784,1558796362,6694979402301299712,,
False,25,23785,1558836376,6695151261127366656,.50000000000000000000000000000000000000,0.5
True,25,23785,1558876390,6695323119953432576,.33333333333333333333333300000000000000,0.33333333333333331
,25,23786,1558916404,6695494978779499520,.25000000000000000000000000000000000000,0.25
False,25,23787,1558956418,6695666837605565440,.20000000000000000000000000000000000000,0.20000000000000001
True,25,23787,1558996432,6695838696431632384,.16666666666666666666666600000000000000,0.16666666666666666
,25,23788,1559036446,6696010555257698304,.14285714285714285714285700000000000000,0.14285714285714285
False,25,23788,1559076460,6696182414083765248,.12500000000000000000000000000000000000,0.125
True,25,23789,1559116474,6696354272909831168,.11111111111111111111111100000000000000,0.1111111111111111
,25,23790,1559156488,6696526131735897088,.10000000000000000000000000000000000000,0.10000000000000001
False,25,23790,1559196502,6696697990561964032,,
True,25,23791,1559236516,6696869849388029952,.08333333333333333333333300000000000000,8.3333333333333329E-2
,25,23791,1559276530,6697041708214096896,.07692307692307692307692300000000000000,7.6923076923076927E-2
False,25,23792,1559316544,6697213567040162816,.07142857142857142857142800000000000000,7.1428571428571425E-2
True,25,23793,1559356558,6697385425866229760,.06666666666666666666666600000000000000,6.6666666666666666E-2
,25,23793,1559396572,6697557284692295680,.06250000000000000000000000000000000000,0.0625
False,25,23794,1559436586,6697729143518362624,.05882352941176470588235200000000000000,5.8823529411764705E-2
True,25,23794,1559476600,6697901002344428544,.05555555555555555555555500000000000000,5.5555555555555552E-2
,25,23795,1559516614,6698072861170495488,.05263157894736842105263100000000000000,5.2631578947368418E-2
False,25,23796,1559556628,6698244719996561408,.05000000000000000000000000000000000000,5.0000000000000003E-2
True,25,23796,1559596642,6698416578822628352,,
,25,23797,1559636656,6698588437648694272,.04545454545454545454545400000000000000,0.5
False,25,23798,1559676670,6698760296474761216,.04347826086956521739130400000000000000,0.33333333333333331
True,25,23798,1559716684,6698932155300827136,.04166666666666666666666600000000000000,0.25
,25,23799,1559756698,6699104014126893056,.04000000000000000000000000000000000000,0.20000000000000001
False,25,23799,1559796712,6699275872952960000,.03846153846153846153846100000000000000,0.16666666666666666
True,25,23800,1559836726,6699447731779025920,.03703703703703703703703700000000000000,0.14285714285714285
,25,23801,1559876740,6699619590605092864,.03571428571428571428571400000000000000,0.125
False,25,23801,1559916754,6699791449431158784,.03448275862068965517241300000000000000,0.1111111111111111
True,25,23802,1559956768,6699963308257225728,.03333333333333333333333300000000000000,0.10000000000000001
,25,23802,1559996782,6700135167083291648,,
False,25,23803,1560036796,6700307025909358592,.50000000000000000000000000000000000000,8.3333333333333329E-2
True,25,23804,1560076810,6700478884735424512,.33333333333333333333333300000000000000,7.6923076923076927E-2
,25,23804,1560116824,6700650743561491456,.25000000000000000000000000000000000000,7.1428571428571425E-2
False,25,23805,1560156838,6700822602387557376,.20000000000000000000000000000000000000,6.6666666666666666E-2
True,25,23805,1560196852,6700994461213624320,.16666666666666666666666600000000000000,0.0625
,25,23806,1560236866,6701166320039690240,.14285714285714285714285700000000000000,5.8823529411764705E-2
False,25,23807,1560276880,6701338178865757184,.12500000000000000000000000000000000000,5.5555555555555552E-2
True,25,23807,1560316894,6701510037691823104,.11111111111111111111111100000000000000,5.2631578947368418E-2
,25,23808,1560356908,6701681896517890048,.10000000000000000000000000000000000000,5.0000000000000003E-2
False,,,,,,
True,25,23809,1560436936,6702025614170021888,.08333333333333333333333300000000000000,0.5
,25,23810,1560476950,6702197472996088832,.07692307692307692307692300000000000000,0.33333333333333331
False,25,23810,1560516964,6702369331822154752,.07142857142857142857142800000000000000,0.25
True,25,23811,1560556978,6702541190648221696,.06666666666666666666666600000000000000,0.20000000000000001
,25,23812,1560596992,6702713049474287616,.06250000000000000000000000000000000000,0.16666666666666666
False,25,23812,1560637006,6702884908300354560,.05882352941176470588235200000000000000,0.14285714285714285
True,25,23813,1560677020,6703056767126420480,.05555555555555555555555500000000000000,0.125
,25,23813,1560717034,6703228625952487424,.05263157894736842105263100000000000000,0.1111111111111111
False,25,23814,1560757048,6703400484778553344,.05000000000000000000000000000000000000,0.10000000000000001
True,25,23815,1560797062,6703572343604620288,,
,25,23815,1560837076,6703744202430686208,.04545454545454545454545400000000000000,8.3333333333333329E-2
False,25,23816,1560877090,6703916061256753152,.04347826086956521739130400000000000000,7.6923076923076927E-2
True,25,23816,1560917104,6704087920082819072,.04166666666666666666666600000000000000,7.1428571428571425E-2
,25,23817,1560957118,6704259778908886016,.04000000000000000000000000000000000000,6.6666666666666666E-2
False,25,23818,1560997132,6704431637734951936,.03846153846153846153846100000000000000,0.0625
True,25,23818,1561037146,6704603496561018880,.03703703703703703703703700000000000000,5.8823529411764705E-2
,25,23819,1561077160,6704775355387084800,.03571428571428571428571400000000000000,5.5555555555555552E-2
False,25,23820,1561117174,6704947214213150720,.03448275862068965517241300000000000000,5.2631578947368418E-2
True,25,23820,1561157188,6705119073039217664,.03333333333333333333333300000000000000,5.0000000000000003E-2
,25,23821,1561197202,6705290931865283584,,
False,25,23821,1561237216,6705462790691350528,.50000000000000000000000000000000000000,0.5
True,25,23822,1561277230,6705634649517416448,.33333333333333333333333300000000000000,0.33333333333333331
,25,23823,1561317244,6705806508343483392,.25000000000000000000000000000000000000,0.25
False,25,23823,1561357258,6705978367169549312,.20000000000000000000000000000000000000,0.20000000000000001
True,25,23824,1561397272,6706150225995616256,.16666666666666666666666600000000000000,0.16666666666666666
,25,23824,1561437286,6706322084821682176,.14285714285714285714285700000000000000,0.14285714285714285
False,25,23825,1561477300,6706493943647749120,.12500000000000000000000000000000000000,0.125
True,25,23826,1561517314,6706665802473815040,.11111111111111111111111100000000000000,0.1111111111111111
,25,23826,1561557328,6706837661299881984,.10000000000000000000000000000000000000,0.10000000000000001
False,25,23827,1561597342,6707009520125947904,,
True,25,23827,1561637356,6707181378952014848,.08333333333333333333333300000000000000,8.3333333333333329E-2
,25,23828,1561677370,6707353237778080768,.07692307692307692307692300000000000000,7.6923076923076927E-2
False,25,23829,1561717384,6707525096604146688,.07142857142857142857142800000000000000,7.1428571428571425E-2
True,25,23829,1561757398,6707696955430213632,.06666666666666666666666600000000000000,6.6666666666666666E-2
,25,23830,1561797412,6707868814256279552,.06250000000000000000000000000000000000,0.0625
False,25,23831,1561837426,6708040673082346496,.05882352941176470588235200000000000000,5.8823529411764705E-2
True,25,23831,1561877440,6708212531908412416,.05555555555555555555555500000000000000,5.5555555555555552E-2
,25,23832,1561917454,6708384390734479360,.05263157894736842105263100000000000000,5.2631578947368418E-2
False,25,23832,1561957468,6708556249560545280,.05000000000000000000000000000000000000,5.0000000000000003E-2
True,25,23833,1561997482,6708728108386612224,,
,25,23834,1562037496,6708899967212678144,.04545454545454545454545400000000000000,0.5
False,25,23834,1562077510,6709071826038745088,.04347826086956521739130400000000000000,0.33333333333333331
True,25,23835,1562117524,6709243684864811008,.04166666666666666666666600000000000000,0.25
,25,23835,1562157538,6709415543690877952,.04000000000000000000000000000000000000,0.20000000000000001
False,25,23836,1562197552,6709587402516943872,.03846153846153846153846100000000000000,0.16666666666666666
True,25,23837,1562237566,6709759261343010816,.03703703703703703703703700000000000000,0.14285714285714285
,25,23837,1562277580,6709931120169076736,.03571428571428571428571400000000000000,0.125
False,25,23838,1562317594,6710102978995143680,.03448275862068965517241300000000000000,0.1111111111111111
True,25,23838,1562357608,6710274837821209600,.03333333333333333333333300000000000000,0.10000000000000001
,25,23839,-1562397622,-6710446696647275520,,
False,25,23840,1562437636,6710618555473342464,.50000000000000000000000000000000000000,8.3333333333333329E-2
True,25,23840,1562477650,6710790414299408384,.33333333333333333333333300000000000000,7.6923076923076927E-2
,25,23841,1562517664,6710962273125475328,.25000000000000000000000000000000000000,7.1428571428571425E-2
False,25,23842,1562557678,6711134131951541248,.20000000000000000000000000000000000000,6.6666666666666666E-2
True,25,23842,1562597692,6711305990777608192,.16666666666666666666666600000000000000,0.0625
,25,23843,1562637706,6711477849603674112,.14285714285714285714285700000000000000,5.8823529411764705E-2
False,25,23843,1562677720,6711649708429741056,.12500000000000000000000000000000000000,5.5555555555555552E-2
True,25,23844,1562717734,6711821567255806976,.11111111111111111111111100000000000000,5.2631578947368418E-2
,25,23845,1562757748,6711993426081873920,.10000000000000000000000000000000000000,5.0000000000000003E-2
False,25,23845,1562797762,6712165284907939840,,
True,25,23846,1562837776,6712337143734006784,.08333333333333333333333300000000000000,0.5
,25,23846,1562877790,6712509002560072704,.07692307692307692307692300000000000000,0.33333333333333331
False,25,23847,1562917804,6712680861386139648,.07142857142857142857142800000000000000,0.25
True,25,23848,1562957818,6712852720212205568,.06666666666666666666666600000000000000,0.20000000000000001
,25,23848,1562997832,6713024579038272512,.06250000000000000000000000000000000000,0.16666666666666666
False,25,23849,1563037846,6713196437864338432,.05882352941176470588235200000000000000,0.14285714285714285
True,25,23849,1563077860,6713368296690404352,.05555555555555555555555500000000000000,0.125
,25,23850,1563117874,6713540155516471296,.05263157894736842105263100000000000000,0.1111111111111111
False,25,23851,1563157888,6713712014342537216,.05000000000000000000000000000000000000,0.10000000000000001
True,25,23851,1563197902,6713883873168604160,,
,25,23852,1563237916,6714055731994670080,.04545454545454545454545400000000000000,8.3333333333333329E-2
False,25,23853,1563277930,6714227590820737024,.04347826086956521739130400000000000000,7.6923076923076927E-2
True,25,23853,1563317944,6714399449646802944,.04166666666666666666666600000000000000,7.1428571428571425E-2
,25,23854,1563357958,6714571308472869888,.04000000000000000000000000000000000000,6.6666666666666666E-2
False,25,23854,1563397972,6714743167298935808,.03846153846153846153846100000000000000,0.0625
True,25,23855,1563437986,6714915026125002752,.03703703703703703703703700000000000000,5.8823529411764705E-2
,25,23856,1563478000,6715086884951068672,.03571428571428571428571400000000000000,5.5555555555555552E-2
False,25,23856,1563518014,6715258743777135616,.03448275862068965517241300000000000000,5.2631578947368418E-2
True,25,23857,1563558028,6715430602603201536,.03333333333333333333333300000000000000,5.0000000000000003E-2
,25,23857,1563598042,6715602461429268480,,
False,25,23858,1563638056,6715774320255334400,.50000000000000000000000000000000000000,0.5
True,25,23859,1563678070,6715946179081400320,.33333333333333333333333300000000000000,0.33333333333333331
,25,23859,1563718084,6716118037907467264,.25000000000000000000000000000000000000,0.25
False,25,23860,1563758098,6716289896733533184,.20000000000000000000000000000000000000,0.20000000000000001
True,25,23860,1563798112,6716461755559600128,.16666666666666666666666600000000000000,0.16666666666666666
,25,23861,1563838126,6716633614385666048,.14285714285714285714285700000000000000,0.14285714285714285
False,25,23862,1563878140,6716805473211732992,.12500000000000000000000000000000000000,0.125
True,25,23862,1563918154,6716977332037798912,.11111111111111111111111100000000000000,0.1111111111111111
,25,23863,1563958168,6717149190863865856,.10000000000000000000000000000000000000,0.10000000000000001
False,25,23863,1563998182,6717321049689931776,,
True,25,23864,1564038196,6717492908515998720,.08333333333333333333333300000000000000,8.3333333333333329E-2
,25,23865,1564078210,6717664767342064640,.07692307692307692307692300000000000000,7.6923076923076927E-2
False,25,23865,1564118224,6717836626168131584,.07142857142857142857142800000000000000,7.1428571428571425E-2
True,25,23866,1564158238,6718008484994197504,.06666666666666666666666600000000000000,6.6666666666666666E-2
,25,23867,1564198252,6718180343820264448,.06250000000000000000000000000000000000,0.0625
False,25,23867,1564238266,6718352202646330368,.05882352941176470588235200000000000000,5.8823529411764705E-2
True,25,23868,1564278280,6718524061472397312,.05555555555555555555555500000000000000,5.5555555555555552E-2
,25,23868,1564318294,6718695920298463232,.05263157894736842105263100000000000000,5.2631578947368418E-2
False,25,23869,1564358308,6718867779124529152,.05000000000000000000000000000000000000,5.0000000000000003E-2
True,,,,,,
,25,23870,1564438336,6719211496776662016,.04545454545454545454545400000000000000,0.5
False,25,23871,1564478350,6719383355602728960,.04347826086956521739130400000000000000,0.33333333333333331
True,25,23871,1564518364,6719555214428794880,.04166666666666666666666600000000000000,0.25
,25,23872,1564558378,6719727073254861824,.04000000000000000000000000000000000000,0.20000000000000001
False,25,23873,1564598392,6719898932080927744,.03846153846153846153846100000000000000,0.16666666666666666
True,25,23873,1564638406,6720070790906994688,.03703703703703703703703700000000000000,0.14285714285714285
,25,23874,1564678420,6720242649733060608,.03571428571428571428571400000000000000,0.125
False,25,23874,1564718434,6720414508559127552,.03448275862068965517241300000000000000,0.1111111111111111
True,25,23875,1564758448,6720586367385193472,.03333333333333333333333300000000000000,0.10000000000000001
,25,23876,1564798462,6720758226211260416,,
False,25,23876,1564838476,6720930085037326336,.50000000000000000000000000000000000000,8.3333333333333329E-2
True,25,23877,1564878490,6721101943863393280,.33333333333333333333333300000000000000,7.6923076923076927E-2
,25,23878,1564918504,6721273802689459200,.25000000000000000000000000000000000000,7.1428571428571425E-2
False,25,23878,1564958518,6721445661515526144,.20000000000000000000000000000000000000,6.6666666666666666E-2
True,25,23879,1564998532,6721617520341592064,.16666666666666666666666600000000000000,0.0625
,25,23879,1565038546,6721789379167657984,.14285714285714285714285700000000000000,5.8823529411764705E-2
False,25,23880,1565078560,6721961237993724928,.12500000000000000000000000000000000000,5.5555555555555552E-2
True,25,23881,1565118574,6722133096819790848,.11111111111111111111111100000000000000,5.2631578947368418E-2
,25,23881,1565158588,6722304955645857792,.10000000000000000000000000000000000000,5.0000000000000003E-2
False,25,23882,1565198602,6722476814471923712,,
True,25,23882,1565238616,6722648673297990656,.08333333333333333333333300000000000000,0.5
,25,23883,1565278630,6722820532124056576,.07692307692307692307692300000000000000,0.33333333333333331
False,25,23884,1565318644,6722992390950123520,.07142857142857142857142800000000000000,0.25
True,25,23884,1565358658,6723164249776189440,.06666666666666666666666600000000000000,0.20000000000000001
,25,23885,1565398672,6723336108602256384,.06250000000000000000000000000000000000,0.16666666666666666
False,25,23885,1565438686,6723507967428322304,.05882352941176470588235200000000000000,0.14285714285714285
True,25,23886,1565478700,6723679826254389248,.05555555555555555555555500000000000000,0.125
,25,23887,1565518714,6723851685080455168,.05263157894736842105263100000000000000,0.1111111111111111
False,25,23887,1565558728,6724023543906522112,.05000000000000000000000000000000000000,0.10000000000000001
True,25,23888,1565598742,6724195402732588032,,
,25,23889,1565638756,6724367261558653952,.04545454545454545454545400000000000000,8.3333333333333329E-2
False,25,23889,1565678770,6724539120384720896,.04347826086956521739130400000000000000,7.6923076923076927E-2
True,25,23890,1565718784,6724710979210786816,.04166666666666666666666600000000000000,7.1428571428571425E-2
,25,23890,1565758798,6724882838036853760,.04000000000000000000000000000000000000,6.6666666666666666E-2
False,25,23891,1565798812,6725054696862919680,.03846153846153846153846100000000000000,0.0625
True,25,23892,1565838826,6725226555688986624,.03703703703703703703703700000000000000,5.8823529411764705E-2
,25,23892,1565878840,6725398414515052544,.03571428571428571428571400000000000000,5.5555555555555552E-2
False,25,23893,1565918854,6725570273341119488,.03448275862068965517241300000000000000,5.2631578947368418E-2
True,25,23893,1565958868,6725742132167185408,.03333333333333333333333300000000000000,5.0000000000000003E-2
,25,23894,1565998882,6725913990993252352,,
False,25,23895,1566038896,6726085849819318272,.50000000000000000000000000000000000000,0.5
True,25,23895,1566078910,6726257708645385216,.33333333333333333333333300000000000000,0.33333333333333331
,25,23896,1566118924,6726429567471451136,.25000000000000000000000000000000000000,0.25
False,25,23896,1566158938,6726601426297518080,.20000000000000000000000000000000000000,0.20000000000000001
True,25,23897,1566198952,6726773285123584000,.16666666666666666666666600000000000000,0.16666666666666666
,25,23898,1566238966,6726945143949650944,.14285714285714285714285700000000000000,0.14285714285714285
False,25,23898,1566278980,6727117002775716864,.12500000000000000000000000000000000000,0.125
True,25,23899,1566318994,6727288861601782784,.11111111111111111111111100000000000000,0.1111111111111111
,25,23900,1566359008,6727460720427849728,.10000000000000000000000000000000000000,0.10000000000000001
False,25,23900,-1566399022,-6727632579253915648,,
True,25,23901,1566439036,6727804438079982592,.08333333333333333333333300000000000000,8.3333333333333329E-2
,25,23901,1566479050,6727976296906048512,.07692307692307692307692300000000000000,7.6923076923076927E-2
False,25,23902,1566519064,6728148155732115456,.07142857142857142857142800000000000000,7.1428571428571425E-2
True,25,23903,1566559078,6728320014558181376,.06666666666666666666666600000000000000,6.6666666666666666E-2
,25,23903,1566599092,6728491873384248320,.06250000000000000000000000000000000000,0.0625
False,25,23904,1566639106,6728663732210314240,.05882352941176470588235200000000000000,5.8823529411764705E-2
True,25,23904,1566679120,6728835591036381184,.05555555555555555555555500000000000000,5.5555555555555552E-2
,25,23905,1566719134,6729007449862447104,.05263157894736842105263100000000000000,5.2631578947368418E-2
False,25,23906,1566759148,6729179308688514048,.05000000000000000000000000000000000000,5.0000000000000003E-2
True,25,23906,1566799162,6729351167514579968,,
,25,23907,1566839176,6729523026340646912,.04545454545454545454545400000000000000,0.5
False,25,23907,1566879190,6729694885166712832,.04347826086956521739130400000000000000,0.33333333333333331
True,25,23908,1566919204,6729866743992779776,.04166666666666666666666600000000000000,0.25
,25,23909,1566959218,6730038602818845696,.04000000000000000000000000000000000000,0.20000000000000001
False,25,23909,1566999232,6730210461644911616,.03846153846153846153846100000000000000,0.16666666666666666
True,25,23910,1567039246,6730382320470978560,.03703703703703703703703700000000000000,0.14285714285714285
,25,23911,1567079260,6730554179297044480,.03571428571428571428571400000000000000,0.125
False,25,23911,1567119274,6730726038123111424,.03448275862068965517241300000000000000,0.1111111111111111
True,25,23912,1567159288,6730897896949177344,.03333333333333333333333300000000000000,0.10000000000000001
,25,23912,1567199302,6731069755775244288,,
False,25,23913,1567239316,6731241614601310208,.50000000000000000000000000000000000000,8.3333333333333329E-2
True,25,23914,1567279330,6731413473427377152,.33333333333333333333333300000000000000,7.6923076923076927E-2
,25,23914,1567319344,6731585332253443072,.25000000000000000000000000000000000000,7.1428571428571425E-2
False,25,23915,1567359358,6731757191079510016,.20000000000000000000000000000000000000,6.6666666666666666E-2
True,25,23915,1567399372,6731929049905575936,.16666666666666666666666600000000000000,0.0625
,25,23916,1567439386,6732100908731642880,.14285714285714285714285700000000000000,5.8823529411764705E-2
False,25,23917,1567479400,6732272767557708800,.12500000000000000000000000000000000000,5.5555555555555552E-2
True,25,23917,1567519414,6732444626383775744,.11111111111111111111111100000000000000,5.2631578947368418E-2
,25,23918,1567559428,6732616485209841664,.10000000000000000000000000000000000000,5.0000000000000003E-2
False,25,23918,1567599442,6732788344035907584,,
True,25,23919,1567639456,6732960202861974528,.08333333333333333333333300000000000000,0.5
,25,23920,1567679470,6733132061688040448,.07692307692307692307692300000000000000,0.33333333333333331
False,25,23920,1567719485,6733303920514107392,.07142857142857142857142800000000000000,0.25
True,25,23921,1567759499,6733475779340173312,.06666666666666666666666600000000000000,0.20000000000000001
,25,23921,1567799513,6733647638166240256,.06250000000000000000000000000000000000,0.16666666666666666
False,25,23922,1567839527,6733819496992306176,.05882352941176470588235200000000000000,0.14285714285714285
True,25,23923,1567879541,6733991355818373120,.05555555555555555555555500000000000000,0.125
,25,23923,1567919555,6734163214644439040,.05263157894736842105263100000000000000,0.1111111111111111
False,25,23924,1567959569,6734335073470505984,.05000000000000000000000000000000000000,0.10000000000000001
True,25,23925,1567999583,6734506932296571904,,
,25,23925,1568039597,6734678791122638848,.04545454545454545454545400000000000000,8.3333333333333329E-2
False,25,23926,1568079611,6734850649948704768,.04347826086956521739130400000000000000,7.6923076923076927E-2
True,25,23926,1568119625,6735022508774771712,.04166666666666666666666600000000000000,7.1428571428571425E-2
,25,23927,1568159639,6735194367600837632,.04000000000000000000000000000000000000,6.6666666666666666E-2
False,25,23928,1568199653,6735366226426904576,.03846153846153846153846100000000000000,0.0625
True,25,23928,1568239667,6735538085252970496,.03703703703703703703703700000000000000,5.8823529411764705E-2
,25,23929,1568279681,6735709944079036416,.03571428571428571428571400000000000000,5.5555555555555552E-2
False,25,23929,1568319695,6735881802905103360,.03448275862068965517241300000000000000,5.2631578947368418E-2
True,25,23930,1568359709,6736053661731169280,.03333333333333333333333300000000000000,5.0000000000000003E-2
,,,,,,
False,25,23931,1568439737,6736397379383302144,.50000000000000000000000000000000000000,0.5
True,25,23932,1568479751,6736569238209369088,.33333333333333333333333300000000000000,0.33333333333333331
,25,23932,1568519765,6736741097035435008,.25000000000000000000000000000000000000,0.25
False,25,23933,1568559779,6736912955861501952,.20000000000000000000000000000000000000,0.20000000000000001
True,25,23934,1568599793,6737084814687567872,.16666666666666666666666600000000000000,0.16666666666666666
,25,23934,1568639807,6737256673513634816,.14285714285714285714285700000000000000,0.14285714285714285
False,25,23935,1568679821,6737428532339700736,.12500000000000000000000000000000000000,0.125
True,25,23936,1568719835,6737600391165767680,.11111111111111111111111100000000000000,0.1111111111111111
,25,23936,1568759849,6737772249991833600,.10000000000000000000000000000000000000,0.10000000000000001
False,25,23937,1568799863,6737944108817900544,,
True,25,23937,1568839877,6738115967643966464,.08333333333333333333333300000000000000,8.3333333333333329E-2
,25,23938,1568879891,6738287826470033408,.07692307692307692307692300000000000000,7.6923076923076927E-2
False,25,23939,1568919905,6738459685296099328,.07142857142857142857142800000000000000,7.1428571428571425E-2
True,25,23939,1568959919,6738631544122165248,.06666666666666666666666600000000000000,6.6666666666666666E-2
,25,23940,1568999933,6738803402948232192,.06250000000000000000000000000000000000,0.0625
False,25,23940,1569039947,6738975261774298112,.05882352941176470588235200000000000000,5.8823529411764705E-2
True,25,23941,1569079961,6739147120600365056,.05555555555555555555555500000000000000,5.5555555555555552E-2
,25,23942,1569119975,6739318979426430976,.05263157894736842105263100000000000000,5.2631578947368418E-2
False,25,23942,1569159989,6739490838252497920,.05000000000000000000000000000000000000,5.0000000000000003E-2
True,25,23943,1569200003,6739662697078563840,,
,25,23943,1569240017,6739834555904630784,.04545454545454545454545400000000000000,0.5
False,25,23944,1569280031,6740006414730696704,.04347826086956521739130400000000000000,0.33333333333333331
True,25,23945,1569320045,6740178273556763648,.04166666666666666666666600000000000000,0.25
,25,23945,1569360059,6740350132382829568,.04000000000000000000000000000000000000,0.20000000000000001
False,25,23946,1569400073,6740521991208896512,.03846153846153846153846100000000000000,0.16666666666666666
True,25,23947,1569440087,6740693850034962432,.03703703703703703703703700000000000000,0.14285714285714285
,25,23947,1569480101,6740865708861029376,.03571428571428571428571400000000000000,0.125
False,25,23948,1569520115,6741037567687095296,.03448275862068965517241300000000000000,0.1111111111111111
True,25,23948,1569560129,6741209426513161216,.03333333333333333333333300000000000000,0.10000000000000001
,25,23949,1569600143,6741381285339228160,,
False,25,23950,1569640157,6741553144165294080,.50000000000000000000000000000000000000,8.3333333333333329E-2
True,25,23950,1569680171,6741725002991361024,.33333333333333333333333300000000000000,7.6923076923076927E-2
,25,23951,1569720185,6741896861817426944,.25000000000000000000000000000000000000,7.1428571428571425E-2
False,25,23951,1569760199,6742068720643493888,.20000000000000000000000000000000000000,6.6666666666666666E-2
True,25,23952,1569800213,6742240579469559808,.16666666666666666666666600000000000000,0.0625
,25,23953,1569840227,6742412438295626752,.14285714285714285714285700000000000000,5.8823529411764705E-2
False,25,23953,1569880241,6742584297121692672,.12500000000000000000000000000000000000,5.5555555555555552E-2
True,25,23954,1569920255,6742756155947759616,.11111111111111111111111100000000000000,5.2631578947368418E-2
,25,23954,1569960269,6742928014773825536,.10000000000000000000000000000000000000,5.0000000000000003E-2
False,25,23955,1570000283,6743099873599892480,,
True,25,23956,1570040297,6743271732425958400,.08333333333333333333333300000000000000,0.5
,25,23956,1570080311,6743443591252025344,.07692307692307692307692300000000000000,0.33333333333333331
False,25,23957,1570120325,6743615450078091264,.07142857142857142857142800000000000000,0.25
True,25,23958,1570160339,6743787308904158208,.06666666666666666666666600000000000000,0.20000000000000001
,25,23958,1570200353,6743959167730224128,.06250000000000000000000000000000000000,0.16666666666666666
False,25,23959,1570240367,6744131026556290048,.05882352941176470588235200000000000000,0.14285714285714285
True,25,23959,1570280381,6744302885382356992,.05555555555555555555555500000000000000,0.125
,25,23960,1570320395,6744474744208422912,.05263157894736842105263100000000000000,0.1111111111111111
False,25,23961,1570360409,6744646603034489856,.05000000000000000000000000000000000000,0.10000000000000001
True,25,23961,-1570400423,-6744818461860555776,,
,25,23962,1570440437,6744990320686622720,.04545454545454545454545400000000000000,8.3333333333333329E-2
False,25,23962,1570480451,6745162179512688640,.04347826086956521739130400000000000000,7.6923076923076927E-2
True,25,23963,1570520465,6745334038338755584,.04166666666666666666666600000000000000,7.1428571428571425E-2
,25,23964,1570560479,6745505897164821504,.04000000000000000000000000000000000000,6.6666666666666666E-2
False,25,23964,1570600493,6745677755990888448,.03846153846153846153846100000000000000,0.0625
True,25,23965,1570640507,6745849614816954368,.03703703703703703703703700000000000000,5.8823529411764705E-2
,25,23965,1570680521,6746021473643021312,.03571428571428571428571400000000000000,5.5555555555555552E-2
False,25,23966,1570720535,6746193332469087232,.03448275862068965517241300000000000000,5.2631578947368418E-2
True,25,23967,1570760549,6746365191295154176,.03333333333333333333333300000000000000,5.0000000000000003E-2
,25,23967,1570800563,6746537050121220096,,
False,25,23968,1570840577,6746708908947287040,.50000000000000000000000000000000000000,0.5
True,25,23969,1570880591,6746880767773352960,.33333333333333333333333300000000000000,0.33333333333333331
,25,23969,1570920605,6747052626599418880,.25000000000000000000000000000000000000,0.25
False,25,23970,1570960619,6747224485425485824,.20000000000000000000000000000000000000,0.20000000000000001
True,25,23970,1571000633,6747396344251551744,.16666666666666666666666600000000000000,0.16666666666666666
,25,23971,1571040647,6747568203077618688,.14285714285714285714285700000000000000,0.14285714285714285
False,25,23972,1571080661,6747740061903684608,.12500000000000000000000000000000000000,0.125
True,25,23972,1571120675,6747911920729751552,.11111111111111111111111100000000000000,0.1111111111111111
,25,23973,1571160689,6748083779555817472,.10000000000000000000000000000000000000,0.10000000000000001
False,25,23973,1571200703,6748255638381884416,,
True,25,23974,1571240717,6748427497207950336,.08333333333333333333333300000000000000,8.3333333333333329E-2
,25,23975,1571280731,6748599356034017280,.07692307692307692307692300000000000000,7.6923076923076927E-2
False,25,23975,1571320745,6748771214860083200,.07142857142857142857142800000000000000,7.1428571428571425E-2
True,25,23976,1571360759,6748943073686150144,.06666666666666666666666600000000000000,6.6666666666666666E-2
,25,23976,1571400773,6749114932512216064,.06250000000000000000000000000000000000,0.0625
False,25,23977,1571440787,6749286791338283008,.05882352941176470588235200000000000000,5.8823529411764705E-2
True,25,23978,1571480801,6749458650164348928,.05555555555555555555555500000000000000,5.5555555555555552E-2
,25,23978,1571520815,6749630508990414848,.05263157894736842105263100000000000000,5.2631578947368418E-2
False,25,23979,1571560829,6749802367816481792,.05000000000000000000000000000000000000,5.0000000000000003E-2
True,25,23979,1571600843,6749974226642547712,,
,25,23980,1571640857,6750146085468614656,.04545454545454545454545400000000000000,0.5
False,25,23981,1571680871,6750317944294680576,.04347826086956521739130400000000000000,0.33333333333333331
True,25,23981,1571720885,6750489803120747520,.04166666666666666666666600000000000000,0.25
,25,23982,1571760899,6750661661946813440,.04000000000000000000000000000000000000,0.20000000000000001
False,25,23983,1571800913,6750833520772880384,.03846153846153846153846100000000000000,0.16666666666666666
True,25,23983,1571840927,6751005379598946304,.03703703703703703703703700000000000000,0.14285714285714285
,25,23984,1571880941,6751177238425013248,.03571428571428571428571400000000000000,0.125
False,25,23984,1571920955,6751349097251079168,.03448275862068965517241300000000000000,0.1111111111111111
True,25,23985,1571960969,6751520956077146112,.03333333333333333333333300000000000000,0.10000000000000001
,25,23986,1572000983,6751692814903212032,,
False,25,23986,1572040997,6751864673729278976,.50000000000000000000000000000000000000,8.3333333333333329E-2
True,25,23987,1572081011,6752036532555344896,.33333333333333333333333300000000000000,7.6923076923076927E-2
,25,23987,1572121025,6752208391381411840,.25000000000000000000000000000000000000,7.1428571428571425E-2
False,25,23988,1572161039,6752380250207477760,.20000000000000000000000000000000000000,6.6666666666666666E-2
True,25,23989,1572201053,6752552109033543680,.16666666666666666666666600000000000000,0.0625
,25,23989,1572241067,6752723967859610624,.14285714285714285714285700000000000000,5.8823529411764705E-2
False,25,23990,1572281081,6752895826685676544,.12500000000000000000000000000000000000,5.5555555555555552E-2
True,25,23990,1572321095,6753067685511743488,.11111111111111111111111100000000000000,5.2631578947368418E-2
,25,23991,1572361109,6753239544337809408,.10000000000000000000000000000000000000,5.0000000000000003E-2
